hour,location,NO_2_mean
1,East,10.00001
1,North,11.666667
1,South,21.00001
1,West,10.833333
2,East,33.333333
