number,prob
1,0.166667
2,0.166667
3,0.166667
4,0.166667
5,0.166667
6,0.166667
